,mean_auc,mean_acc
CatBoost,0.8725407119246149,0.7803351487222454
RandomForest,0.8718333402761156,0.7906912442396312
XGBoost,0.8700177347243873,0.781650607457059
GradientBoosting,0.8594914579216443,0.7751738583996649
LightGBM,0.8588294114435145,0.7790532048596565
SVM,0.855945133608663,0.7739002932551319
LogisticRegression,0.847440990997827,0.7751906158357771
