mean_auc_diff,ci_2.5,ci_97.5,p_value
-0.04340446547508688,-0.08592380007558581,-0.00550098913770229,0.988
